set names utf8;
set foreign_key_checks=0;

drop database if exists bioral;
create database if not exists bioral;

use bioral;


create table user_info(
id int primary key not null auto_increment comment "ID",
user_id varchar(16) unique not null comment "ユーザーID",
password varchar(16) not null comment "パスワード",
family_name varchar(32) not null comment "姓",
first_name varchar(32) not null comment "名",
family_name_kana varchar(32) not null comment "姓かな",
first_name_kana varchar(32) not null comment "名かな",
sex tinyint not null default 0 comment "姓別",
email varchar(32) not null comment "メールアドレス",
status tinyint not null default 0 comment "ステータス",
logined tinyint not null default 0 comment "ログインフラグ",
regist_date datetime not null comment "登録日",
update_date datetime not null comment "更新日"
)
default charset=utf8
comment="会員情報テーブル"
;
insert into user_info values
(1,"guest","guest","インターノウス","ゲストユーザー","いんたーのうす","げすとゆーざー",0,"guest@gmail.com",0,0,now(),now()),
(2,"guest2","guest2","インターノウス","ゲストユーザー2","いんたーのうす","げすとゆーざー2",0,"guest2@gmail.com",0,0,now(),now()),
(3,"guest3","guest3","インターノウス","ゲストユーザー3","いんたーのうす","げすとゆーざー3",0,"guest3@gmail.com",0,0,now(),now()),
(4,"guest4","guest4","インターノウス","ゲストユーザー4","いんたーのうす","げすとゆーざー4",0,"guest4@gmail.com",0,0,now(),now()),
(5,"guest5","guest5","インターノウス","ゲストユーザー5","いんたーのうす","げすとゆーざー5",0,"guest5@gmail.com",0,0,now(),now()),
(6,"guest6","guest6","インターノウス","ゲストユーザー6","いんたーのうす","げすとゆーざー6",0,"guest6@gmail.com",0,0,now(),now()),
(7,"guest7","guest7","インターノウス","ゲストユーザー7","いんたーのうす","げすとゆーざー7",0,"guest7@gmail.com",0,0,now(),now()),
(8,"guest8","guest8","インターノウス","ゲストユーザー8","いんたーのうす","げすとゆーざー8",0,"guest8@gmail.com",0,0,now(),now()),
(9,"guest9","guest9","インターノウス","ゲストユーザー9","いんたーのうす","げすとゆーざー9",0,"guest9@gmail.com",0,0,now(),now()),
(10,"guest10","guest10","インターノウス","ゲストユーザー10","いんたーのうす","げすとゆーざー10",0,"guest10@gmail.com",0,0,now(),now()),
(11,"guest11","guest11","インターノウス","ゲストユーザー11","いんたーのうす","げすとゆーざー11",0,"guest11@gmail.com",0,0,now(),now()),
(12,"guest12","guest12","インターノウス","ゲストユーザー12","いんたーのうす","げすとゆーざー12",0,"guest12@gmail.com",0,0,now(),now()),
(13,"admin","admin","インターノウス","管理者ユーザー","いんたーのうす","かんりしゃゆーざー",0,"admin@gmail.com",1,0,now(),now()),
(14,"admin2","admin2","インターノウス","管理者ユーザー2","いんたーのうす","かんりしゃゆーざー2",0,"admin2@gmail.com",1,0,now(),now()),
(15,"admin3","admin3","インターノウス","管理者ユーザー3","いんたーのうす","かんりしゃゆーざー3",0,"admin3@gmail.com",1,0,now(),now()),
(16,"admin4","admin4","インターノウス","管理者ユーザー4","いんたーのうす","かんりしゃゆーざー4",0,"admin4@gmail.com",1,0,now(),now()),
(17,"admin5","admin5","インターノウス","管理者ユーザー5","いんたーのうす","かんりしゃゆーざー5",0,"admin5@gmail.com",1,0,now(),now()),
(18,"admin6","admin6","インターノウス","管理者ユーザー6","いんたーのうす","かんりしゃゆーざー6",0,"admin6@gmail.com",1,0,now(),now()),
(19,"admin7","admin7","インターノウス","管理者ユーザー7","いんたーのうす","かんりしゃゆーざー7",0,"admin7@gmail.com",1,0,now(),now()),
(20,"admin8","admin8","インターノウス","管理者ユーザー8","いんたーのうす","かんりしゃゆーざー8",0,"admin8@gmail.com",1,0,now(),now()),
(21,"admin9","admin9","インターノウス","管理者ユーザー9","いんたーのうす","かんりしゃゆーざー9",0,"admin9@gmail.com",1,0,now(),now()),
(22,"admin10","admin10","インターノウス","管理者ユーザー10","いんたーのうす","かんりしゃゆーざー10",0,"admin10@gmail.com",1,0,now(),now()),
(23,"admin11","admin11","インターノウス","管理者ユーザー11","いんたーのうす","かんりしゃゆーざー11",0,"admin11@gmail.com",1,0,now(),now()),
(24,"admin12","admin12","インターノウス","管理者ユーザー12","いんたーのうす","かんりしゃゆーざー12",0,"admin12@gmail.com",1,0,now(),now());


create table product_info(
id int primary key not null auto_increment comment "ID",
product_id int unique not null comment "商品ID",
product_name varchar(100) unique not null comment "商品名",
product_name_kana varchar(100) unique not null comment "商品名かな",
product_description varchar(255) not null comment "商品詳細",
category_id int not null not null comment "カテゴリID",
price int comment "価格",
image_file_path varchar(100) comment "画像ファイルパス",
image_file_name varchar(50) comment "画像ファイル名",
release_date datetime not null comment "発売年月",
release_company varchar(50) comment "発売会社",
status tinyint not null default 0 comment "ステータス",
regist_date datetime not null comment "登録日",
update_date datetime comment "更新日"
)
default charset=utf8
comment="商品情報テーブル"
;
insert into product_info values
( 1, 1,"フード1","ふーど１","フード1の商品詳細",2,100,"./images","food1.jpg",now(),"発売会社",0,now(),now()),
( 2, 2,"フード2","ふーど２","フード2の商品詳細",2,200,"./images","food2.jpg",now(),"発売会社",0,now(),now()),
( 3, 3,"フード3","ふーど３","フード3の商品詳細",2,300,"./images","food3.jpg",now(),"発売会社",0,now(),now()),
( 4, 4,"フード4","ふーど４","フード4の商品詳細",2,400,"./images","food4.jpg",now(),"発売会社",0,now(),now()),
( 5, 5,"フード5","ふーど５","フード5の商品詳細",2,500,"./images","food5.jpg",now(),"発売会社",0,now(),now()),
( 6, 6,"ドリンク1","どりんく１","ドリンク1の商品詳細",3,100,"./images","drink1.jpg",now(),"発売会社",0,now(),now()),
( 7, 7,"ドリンク2","どりんく２","ドリンク2の商品詳細",3,200,"./images","drink2.jpg",now(),"発売会社",0,now(),now()),
( 8, 8,"ドリンク3","どりんく３","ドリンク3の商品詳細",3,300,"./images","drink3.jpg",now(),"発売会社",0,now(),now()),
( 9, 9,"ドリンク4","どりんく４","ドリンク4の商品詳細",3,400,"./images","drink4.jpg",now(),"発売会社",0,now(),now()),
( 10, 10,"ドリンク5","どりんく５","ドリンク5の商品詳細",3,500,"./images","drink5.jpg",now(),"発売会社",0,now(),now()),
( 11, 11,"スイーツ1","すいーつ１","スイーツ1の商品詳細",4,100,"./images","sweets1.jpg",now(),"発売会社",0,now(),now()),
( 12, 12,"スイーツ2","すいーつ２","スイーツ2の商品詳細",4,200,"./images","sweets2.jpg",now(),"発売会社",0,now(),now()),
( 13, 13,"スイーツ3","すいーつ３","スイーツ3の商品詳細",4,300,"./images","sweets3.jpg",now(),"発売会社",0,now(),now()),
( 14, 14,"スイーツ4","すいーつ４","スイーツ4の商品詳細",4,400,"./images","sweets4.jpg",now(),"発売会社",0,now(),now()),
( 15, 15,"スイーツ5","すいーつ５","スイーツ5の商品詳細",4,500,"./images","sweets5.jpg",now(),"発売会社",0,now(),now());


create table cart_info(
id int primary key not null auto_increment comment "ID",
user_id varchar(16) not null comment "ユーザーID",
temp_user_id varchar(16) comment "仮ユーザーID",
product_id int not null comment "商品ID",
product_count int not null comment "個数",
price int not null comment "金額",
regist_date datetime not null comment "登録日",
update_date datetime comment "更新日"
)
default charset=utf8
comment="カート情報テーブル"
;


create table purchase_history_info(
id int primary key not null auto_increment comment "ID",
user_id varchar(16) not null comment "ユーザーID",
product_id int not null comment "商品ID",
product_count int not null comment "個数",
price int not null comment "金額",
destination_id int not null comment "宛先情報ID",
regist_date datetime not null comment "登録日",
update_date datetime not null comment "更新日"
 )
 default charset=utf8
comment="購入履歴情報テーブル"
;


create table destination_info(
id int primary key not null auto_increment comment "ID",
user_id varchar(16) not null comment "ユーザーID",
family_name varchar(32) not null comment "姓",
first_name varchar(32) not null comment "名",
family_name_kana varchar(32) not null comment "姓かな",
first_name_kana varchar(32) not null comment "名かな",
email varchar(32) not null comment "メールアドレス",
tel_number varchar(13) not null comment "電話番号",
user_address varchar(50) not null comment "住所",
regist_date datetime not null comment "登録日",
update_date datetime not null comment "更新日"
)
default charset=utf8
comment="宛先情報テーブル"
;
insert into destination_info values
(1,"guest","インターノウス","テストユーざー","いんたーのうす","てすとゆーざー","guest@internous.co.jp","080-1234-5678","東京都千代田区三番町１ー１　ＫＹ三番町ビル１Ｆ",now(),now());


create table m_category(
id int primary key not null comment "ID",
category_id int not null unique comment "カテゴリID",
category_name varchar(20) not null unique comment "カテゴリ名",
category_description varchar(100) comment "カテゴリ詳細",
insert_date datetime not null comment "登録日",
update_date datetime comment "更新日"
)
default charset=utf8
comment="カテゴリマスタテーブル"
;
insert into m_category values
(1,1,"全てのカテゴリー","Food、Drink、Sweets全てのカテゴリーが対象となります",now(), now()),
(2,2,"Food","Foodに関するカテゴリーが対象となります",now(),now()),
(3,3,"Drink","Drinkに関するカテゴリーが対象となります",now(),now()),
(4,4,"Sweets","Sweetsに関するカテゴリーが対象となります",now(),now());


create table review_info(
id int primary key not null auto_increment comment "ID",
product_id int not null comment "商品ID",
user_name varchar(16) not null comment "ユーザー名",
title varchar(50) not null comment "タイトル",
point int not null comment "評価点数",
review_comment varchar(255) not null comment "レビュー内容",
insert_date datetime comment "登録日"
)
default charset=utf8
comment="レビューテーブル"
;
insert into review_info values
(1, 1, "test1", "レビュー1", 1, "テストレビュー1", now()),
(2, 1, "test2", "レビュー2", 1, "テストレビュー2", now()),
(3, 1, "test3", "レビュー3", 2, "テストレビュー3", now()),
(4, 1, "test4", "レビュー4", 3, "テストレビュー4", now()),
(5, 1, "test5", "レビュー5", 4, "テストレビュー5", now());
